"Y","A","LIMIT_BAL","SEX","EDUCATION","AGE","PAY_0","PAY_2","PAY_3","PAY_4","PAY_5","PAY_6","BILL_AMT1","BILL_AMT2","BILL_AMT3","BILL_AMT4","BILL_AMT5","BILL_AMT6","PAY_AMT1","PAY_AMT2","PAY_AMT3","PAY_AMT4","PAY_AMT5","PAY_AMT6"
0,1,200000,0,1,25,0,-1,-1,-1,-2,-2,136435,105,99230,92388,18758,0,105,99230,10038,18758,0,0
0,0,200000,0,2,28,0,0,0,0,0,0,61940,63314,64699,66029,66836,68390,3000,3000,3000,2500,2632,2700
0,1,50000,0,3,49,0,0,0,0,0,0,48909,47863,21489,20414,19342,19482,1676,1302,700,699,849,826
0,0,150000,0,1,33,1,-1,-1,-1,0,0,-3,350,0,863,863,0,353,0,863,0,0,0
0,0,230000,0,2,27,0,0,0,0,0,0,73521,75691,77867,80957,83695,86184,4000,4000,5000,5000,4000,8000
0,1,30000,0,1,52,-1,2,-1,2,-1,0,4743,390,1000,543,18127,23563,390,1000,3,20077,10000,1854
0,0,160000,1,1,31,1,2,0,0,0,0,56432,55371,56316,59331,60227,61778,0,2000,3500,2000,2200,3000
0,0,510000,0,1,35,0,0,0,0,0,0,62382,55076,113654,104449,95937,96634,5000,70000,3500,4000,3500,5000
0,0,20000,0,2,30,1,2,0,0,0,0,16560,15997,17336,18345,18643,19094,0,1600,1602,900,900,636
0,1,240000,0,2,37,-1,2,-1,-1,-1,0,1769,842,14015,0,1317,566,0,14015,0,1317,0,0
0,0,360000,0,1,30,-2,-2,-1,-1,-1,-1,323,1986,196,2855,0,463,1986,196,2855,0,463,430
0,0,250000,0,1,26,0,0,0,0,0,0,50122,44742,43194,41381,33246,32948,2027,2020,1510,1000,1000,7000
0,0,280000,1,2,31,0,0,0,-2,-2,-2,4821,3469,0,0,0,1047,1017,0,0,0,1047,56970
1,1,280000,0,1,38,1,-2,-1,-1,-1,-1,0,0,3898,1460,18901,0,0,3898,1460,18901,0,0
0,0,60000,0,2,34,0,0,0,0,0,0,54316,55575,15158,15450,15933,16095,2770,1275,544,3923,575,596
1,0,170000,0,3,30,0,0,2,0,0,0,38903,37979,37069,37960,38796,39267,5144,0,1508,1600,1264,1391
0,1,270000,0,1,41,-1,-1,-1,-1,-1,-1,1278,-4,3564,1280,1898,0,0,3568,1280,1898,0,2605
1,0,50000,1,1,49,1,2,2,0,0,0,48518,49244,45385,17912,31278,14818,1800,82,1500,10000,1062,549
0,0,60000,1,1,27,-2,-2,-2,-2,-1,-1,11862,1856,-14,4839,9567,11407,1861,0,4853,9567,2000,0
0,0,180000,0,1,28,0,0,0,0,0,0,49550,43015,50238,49461,43877,32411,3006,10017,2018,1022,2322,23023
1,0,20000,1,1,22,1,2,0,0,0,0,10591,10277,11304,12311,12410,13358,0,1500,1500,600,1300,0
0,1,100000,1,3,30,0,0,0,0,0,0,92218,78066,77240,87919,75386,69410,3435,4608,25140,2566,2375,4621
0,1,190000,1,2,36,0,0,0,0,0,0,79584,83108,82179,80874,81720,87685,7007,2912,2871,3501,8001,3234
1,0,180000,0,3,32,-1,-1,-1,-1,-1,0,396,712,712,712,1424,712,712,712,712,1424,0,5366
0,1,360000,1,3,54,-2,-2,-2,-2,-2,-2,0,0,0,0,0,0,0,0,0,0,0,0
1,0,30000,1,2,36,1,-1,-1,-1,0,0,0,780,0,1170,780,0,780,0,1170,0,0,0
0,1,230000,0,2,31,1,2,0,0,0,2,19451,13716,14718,13524,15529,12936,1017,5028,5003,3012,3,3898
0,0,300000,1,1,31,-1,-1,-1,-1,0,-1,2166,2894,8903,12445,24650,8339,2918,8974,12457,15113,8369,3832
1,0,20000,1,3,33,1,2,2,2,2,2,16247,15689,18417,17802,19543,18442,0,3000,0,2000,0,1000
1,1,120000,0,3,35,0,0,0,0,0,0,27666,28036,29555,28458,29129,29700,1500,2000,1000,1500,1500,1500
1,0,80000,1,3,26,1,2,2,2,2,2,71661,69947,74755,75732,74397,80138,0,6000,2800,0,7000,8
0,0,350000,1,2,34,-2,-2,-2,-2,-2,-2,2184,1445,2424,4582,5600,2927,1445,2424,4584,5610,2927,1298
0,1,180000,1,1,45,-1,-1,-1,-1,-1,-1,4453,3310,7226,5060,2832,1890,3310,7228,5060,2832,1890,2576
0,1,390000,1,1,34,-1,-1,-1,-1,-1,-1,13006,522,1790,7957,3044,27603,524,1790,7957,3044,27603,11219
1,1,50000,1,3,36,0,0,0,0,0,0,74969,76012,77330,70579,63751,56977,2846,2671,2396,2177,2146,2055
0,0,20000,1,2,21,0,0,-1,0,0,0,19739,17875,19174,19158,18762,19223,1000,26299,673,680,772,851
0,0,80000,0,3,39,-1,-1,-1,-1,-2,-1,5280,5000,5000,0,0,5000,5000,5000,0,5000,5000,470
1,0,60000,1,3,38,0,-1,-1,-1,-1,-1,3059,291,1131,441,443,732,291,1131,441,443,580,0
0,1,150000,1,1,46,2,2,2,2,2,2,148364,150565,150254,64644,40150,41250,5400,5026,1722,1500,3000,108058
0,1,500000,0,1,37,0,0,0,0,0,0,315816,267100,277636,287998,298343,308378,10000,15000,15000,15000,15000,15200
0,0,140000,0,2,24,-1,-1,-2,-2,-1,-1,2515,0,0,0,2243,5530,0,0,0,2243,5530,4441
1,0,50000,0,2,41,2,-1,2,2,-2,-2,390,780,780,0,0,0,780,0,0,0,0,0
1,0,140000,0,2,26,0,0,0,0,0,2,131335,128760,118310,120719,126470,124342,5864,5756,5868,9275,0,4712
0,0,10000,1,3,34,0,0,0,0,0,0,8820,8813,8464,9474,9716,9960,1100,2148,1158,400,400,400
0,1,620000,1,1,39,0,0,0,0,0,0,346927,90849,90493,90025,88406,89111,5200,5400,3173,3200,3500,3164
1,0,450000,0,2,34,0,0,0,0,0,0,372188,383052,74835,87584,95161,103398,20000,3703,15000,10000,10000,25000
1,0,140000,0,2,31,1,-2,-2,-1,-1,-1,0,0,0,76,76,76,0,0,76,0,0,0
0,0,80000,0,1,24,0,0,0,0,0,0,31815,30672,33185,28600,29101,28939,4038,3199,914,850,2055,8318
1,1,50000,0,2,36,0,0,0,0,0,0,46801,38296,28923,29254,29313,29661,2839,1438,1159,1035,1196,1007
0,1,220000,0,2,37,2,0,0,2,0,0,48166,49164,46730,45680,46651,49507,2100,3900,0,1858,3800,0
0,1,340000,1,1,49,-1,-1,-1,-2,-1,2,1960,1052,6730,1346,3684,745,1228,7270,2000,4325,0,11271
0,1,50000,0,3,47,0,0,0,0,0,0,11961,14259,16028,17760,19462,22141,2500,2000,2000,2000,3000,3000
0,1,200000,0,2,41,-2,-1,-1,-1,-1,0,15094,1717,988,1805,72551,90988,1727,991,1817,72836,30300,60000
0,0,360000,0,1,43,-1,0,0,0,0,-2,17412,18455,19245,18370,0,0,1328,1637,5000,0,0,0
0,0,30000,0,2,27,2,0,0,2,2,2,20581,21632,24267,24572,24872,25427,1700,3300,1000,1000,1100,1000
0,0,150000,1,1,36,-2,-2,-2,-2,-2,-2,2750,2424,27498,1213,26636,2547,2424,27498,1213,26636,2704,1800
0,1,20000,1,3,57,1,2,0,0,0,0,20442,20141,19888,20318,20364,20134,1200,1300,1000,1000,1000,1000
0,0,500000,0,1,38,0,0,0,0,0,0,105587,105478,100026,86265,67539,53676,3627,3059,2670,2331,2406,1645
1,1,200000,0,1,43,1,-1,-1,-1,2,-1,0,2112,723,150,150,2478,2112,981,150,0,2478,5377
1,1,140000,1,1,29,1,-2,-2,-2,-2,-2,0,0,0,0,0,0,0,0,0,0,0,0
0,1,500000,1,1,50,-1,-1,-1,-1,0,0,2112,6000,2079,2710,2040,-55,6031,2509,2713,2010,0,4642
1,1,280000,1,2,46,1,2,2,2,2,2,188894,194489,197722,192140,203913,200564,10101,8000,0,15000,0,7053
0,0,230000,1,2,35,0,0,0,0,0,0,174274,176853,180639,180117,179717,124117,7004,10000,5000,0,5000,189600
0,0,60000,1,2,24,0,0,0,0,0,0,58197,47537,46576,41376,36959,35508,3000,3010,3004,3000,3000,3000
0,0,480000,0,1,30,0,0,-1,0,0,-1,75834,-105,37649,45469,20020,3167,105,37754,32970,8000,3167,10981
1,0,120000,0,1,26,-1,-1,-1,-1,-1,-1,594,1052,736,420,2189,1482,1052,736,420,2189,500,0
1,1,80000,0,3,26,0,0,0,0,0,0,63677,64162,38141,38190,38586,39962,2000,1905,1350,1388,2401,1410
0,0,290000,0,2,39,0,0,0,0,2,2,296002,284025,278422,283034,284430,294131,12000,11600,12628,8000,16600,4000
0,0,50000,1,1,23,0,0,0,0,2,0,51175,47514,23927,20162,19342,18347,2500,2280,2157,0,660,638
0,0,50000,0,1,22,2,2,2,0,0,0,41632,44069,37395,32284,32805,33751,3509,0,1302,1191,1492,1949
1,0,240000,1,1,33,-1,-1,-1,-1,-1,-1,6785,57953,20367,6997,15607,44412,58243,20469,7032,15685,44513,20159
1,1,380000,0,2,48,0,0,0,0,0,0,64001,60427,58603,58359,59527,58482,5000,7000,7359,10000,7000,10000
0,0,160000,0,1,33,-1,-1,-1,-1,0,0,7429,7165,1849,4715,799,0,8000,2000,4755,0,0,0
1,0,50000,0,2,35,0,-1,0,0,0,-2,2628,1000,2050,3000,0,0,1000,1050,1000,0,1000,0
0,0,60000,1,3,30,0,0,0,0,0,0,54952,56021,54126,58732,59306,59728,2600,4553,5800,2000,1000,1462
0,1,170000,1,2,64,-1,-1,-1,-1,0,-1,1922,1788,1,2739,1158,685,1788,9,3897,0,685,0
0,0,130000,0,2,24,0,0,0,0,0,0,10071,50961,44362,43359,39010,36546,46034,1800,1659,1200,1150,1158
1,1,150000,1,2,55,1,2,2,0,0,0,76516,78505,76652,77688,79440,81126,3800,0,2800,3000,3000,3200
0,0,100000,0,2,25,0,0,0,0,0,0,100778,98987,101368,100466,97117,99252,4000,4000,4000,3500,3700,4000
1,1,50000,0,1,46,1,-2,-1,-1,0,0,10372,-110,1684,3697,1397,0,110,1794,3697,1392,0,0
0,1,70000,0,2,22,0,0,0,0,0,0,57889,33868,33390,26457,27165,27562,1592,1497,947,1134,1000,1021
0,0,150000,1,2,34,1,2,2,2,2,2,52692,54229,55768,56266,54764,58862,3000,3000,2000,0,5000,3000
0,1,80000,0,2,53,0,0,0,0,0,0,31333,32365,33380,34043,34756,35448,1541,1556,1219,1262,1270,1314
0,1,360000,0,1,31,-2,-1,-1,-2,-2,-2,-4,434,0,0,0,0,438,0,0,0,0,0
0,0,10000,1,2,45,-1,-1,0,0,0,0,492,9017,9787,9897,9707,-173,10300,1000,500,200,0,10200
1,1,60000,1,1,49,2,0,0,0,0,0,60289,57426,25820,25793,28224,28968,1580,1500,1100,3000,1200,1100
0,0,20000,1,2,40,0,0,0,-1,-1,-1,16149,17373,18000,20000,0,780,1500,1000,20000,0,390,0
1,1,220000,1,1,38,1,2,-1,-1,0,-1,7311,5590,1066,2404,1338,19082,0,1066,2404,0,19082,4421
1,1,80000,0,3,27,1,4,3,2,0,0,84718,82861,80581,51537,51381,48866,0,0,0,1790,1890,1740
0,0,620000,1,2,31,-2,-2,-2,-2,-2,-2,5712,11598,21049,13846,3565,7076,11881,21171,13915,3583,7111,1971
0,1,210000,1,2,37,-1,-1,-1,2,-1,0,1890,3037,2429,823,1089,1451,3037,1200,0,1089,1201,1031
0,0,240000,1,1,32,-2,-2,-2,-2,-2,-2,3162,3162,3124,3162,3162,3162,3162,3124,3200,3162,3162,3131
0,1,390000,1,1,47,1,-1,-1,-2,-1,-1,0,3760,0,0,123,0,3760,0,0,123,0,0
0,0,320000,0,1,34,-2,-2,-2,-2,-2,-2,-532,-532,-528,-1336,-1336,-1336,0,4,0,0,0,0
0,0,130000,0,2,23,-2,-2,-2,-2,-2,-2,-169,3464,7569,8130,544,148,4739,22271,8526,544,148,72392
0,0,230000,0,1,27,0,0,0,0,0,0,145959,94798,70299,40299,33112,18009,3551,3000,1284,1000,1000,1000
0,0,50000,0,2,24,1,2,0,0,0,0,48861,48082,48614,26667,26036,26850,2000,2233,1083,1100,1400,3000
1,0,20000,1,3,23,0,0,-1,0,0,0,17010,-820,19970,19580,20180,20000,0,21490,600,600,600,0
1,1,230000,1,1,47,0,0,0,0,0,0,143083,130011,83545,82638,26332,25425,6500,4579,4500,3000,1000,3000
0,0,20000,1,2,36,0,0,0,2,0,0,16419,17139,20159,19533,19928,19695,1300,3300,0,1000,1000,900
0,0,50000,0,2,38,0,-1,-1,0,0,0,4965,495,16982,17203,17577,17936,500,17000,800,800,800,900
0,1,50000,0,3,26,0,0,0,0,0,0,9935,11029,12795,9983,10884,7666,1234,2000,297,1000,307,361
1,0,150000,0,1,28,2,2,2,0,0,0,145096,147384,143225,147115,145015,110635,5000,0,6000,0,3000,23747
0,0,70000,0,2,33,0,0,0,0,0,0,66701,69907,67450,61902,19551,27831,53000,26017,40000,17000,24000,28000
0,1,150000,0,3,40,-1,-1,-1,-1,-1,-1,5916,5876,5956,5876,5496,5116,5876,5956,5876,5496,5116,5496
0,0,20000,0,2,38,1,4,3,2,0,0,21769,21139,20521,19817,14932,10812,0,0,0,448,380,345
1,1,50000,1,2,47,0,0,0,0,0,0,48308,48019,48647,26894,10875,15878,2200,2068,3048,418,12004,5001
0,0,150000,0,1,35,-1,-1,-1,0,0,-1,3299,596,978,1178,1007,2075,599,982,1007,5,2075,2669
1,1,80000,0,2,49,1,2,2,2,2,2,42053,40185,42887,31745,32211,25836,0,3500,0,4500,0,1500
0,1,210000,1,2,28,2,0,0,-1,0,0,209479,211302,-4244,205759,151849,150221,10000,2572,213509,6022,5817,4048
0,0,50000,1,2,40,0,0,0,0,0,0,50536,9853,11353,12143,11753,11922,1200,4000,2000,2000,1000,1000
0,1,70000,1,3,39,0,0,0,0,0,0,58665,55845,55362,39615,40477,43295,6852,2010,1500,1500,3500,2000
0,0,50000,1,1,26,0,0,0,0,0,0,48924,48593,49459,50160,49244,50531,2200,2200,1890,2000,2000,1800
0,0,100000,1,1,30,0,0,0,0,-2,-2,96846,98364,21255,0,0,0,5055,1049,0,0,0,0
0,0,50000,1,2,27,0,0,0,-1,-1,-2,25140,23936,11107,1210,0,0,1252,1093,1210,0,0,0
0,1,350000,1,1,32,0,0,0,0,0,0,43356,14236,16991,18541,20075,20491,2000,3000,2000,2001,580,677
0,1,380000,0,2,48,0,0,0,0,0,0,363191,373421,363343,290371,289600,288256,15504,14000,12500,12000,11000,14000
0,1,130000,0,2,24,0,0,0,0,0,0,128499,131370,123434,122806,125287,127992,5100,4500,4400,4500,4700,6400
1,1,80000,0,2,29,0,0,2,2,2,2,49196,54033,52595,56709,55201,69270,6292,0,5000,0,15000,2600
0,1,160000,0,3,45,-2,-2,-2,-2,-2,-2,2869,2357,5608,1851,2801,3268,2361,5608,1851,2801,3268,2096
0,1,210000,0,2,29,-2,-2,-2,-2,-2,-2,3814,-6,6456,0,2746,11613,0,6462,0,2746,11613,11753
0,0,140000,1,1,32,-2,-2,-2,-2,-2,-2,672,10212,850,415,100,1430,10212,850,415,100,1430,0
0,1,220000,1,2,48,-1,-1,-1,-1,-1,-1,61614,45669,11086,4564,6549,6413,45889,11134,4578,6593,6440,12249
0,1,50000,0,2,43,0,0,0,0,-2,-2,17870,9230,10000,0,0,0,1500,1000,0,0,0,0
1,0,30000,0,2,27,2,2,2,2,4,3,25557,26648,27536,28203,29048,29903,1800,1600,1400,1600,1600,1600
0,0,220000,1,1,35,1,2,0,0,2,2,190105,185836,187220,199542,202036,200956,0,6600,15200,7000,2000,15000
0,0,80000,1,1,46,0,0,0,0,0,0,78861,77719,45961,29537,29758,30153,2435,1463,1039,1068,1267,1000
0,1,130000,1,2,39,3,2,-1,-1,-1,0,130819,124946,10212,2486,5170,6823,0,10252,2486,5170,3039,2386
1,0,200000,1,2,32,2,0,0,0,-2,-2,160106,162743,81890,0,0,0,7600,4000,0,0,0,0
0,0,50000,0,2,30,0,0,0,0,0,0,49129,49102,49049,41876,29158,29493,1833,1804,1494,1031,1062,1092
0,1,20000,1,3,45,1,-1,-1,-1,-1,-2,0,390,0,780,0,0,780,0,780,0,0,0
0,0,60000,1,2,29,0,0,0,0,0,0,58634,59541,58604,59427,38472,39528,3000,31404,3000,2000,2000,2000
0,0,350000,0,1,36,-1,-1,-1,-1,0,0,28489,28934,20558,29866,37587,15307,28950,20565,29880,27697,5330,31990
0,1,150000,0,1,40,-1,-1,-1,-2,-1,-1,800,2400,0,0,1000,0,2400,0,0,1000,0,0
0,1,230000,0,1,36,0,0,0,0,0,0,111691,117858,121697,119772,115730,111222,8000,6000,5000,5000,5000,5000
1,1,100000,0,2,37,-1,-1,-1,-1,-2,-2,390,0,780,0,0,0,0,780,0,0,0,0
0,0,250000,0,1,40,-1,-1,-1,-1,-1,-1,3264,2395,2986,24971,500,2162,2395,2991,25185,500,2162,0
1,1,80000,0,3,48,0,0,0,0,0,0,44508,43709,52660,48532,44469,45068,1785,10000,1541,1610,1604,1485
0,0,280000,1,1,34,1,-2,-2,-2,-2,-2,0,0,0,0,0,0,0,0,0,0,0,0
1,1,120000,1,3,36,-1,0,0,0,0,0,31218,32319,32687,32972,33559,34604,2000,1600,1200,1500,2000,1500
0,0,150000,0,2,37,-1,-1,-1,-1,-1,-1,2897,2486,-4,1494,-6,8047,2489,0,1498,0,8053,0
0,1,360000,0,2,39,0,0,-2,-1,0,0,366965,-17710,-17706,301085,307035,63451,12709,1393,319494,13079,2438,2599
0,1,160000,1,1,36,-1,-1,-1,-1,-1,-1,816,316,316,316,316,316,316,316,316,316,316,316
0,1,70000,0,2,36,-1,2,2,2,2,2,1156,2254,2044,4152,3023,4014,2044,0,4000,0,2000,0
0,1,200000,0,2,36,0,0,0,0,0,0,193083,195259,196120,168814,163509,172037,9000,8993,7503,6000,11300,6103
0,1,220000,0,1,36,0,0,0,0,0,0,215979,210475,216513,196219,200117,204312,7800,9639,7123,7162,7419,7462
0,1,20000,1,2,40,0,0,0,0,0,0,10288,9276,5622,19263,18433,26132,3010,2010,15000,4000,2000,2000
1,0,50000,1,1,25,0,0,0,0,0,-1,15639,10504,11824,13018,12303,18584,1200,1500,1500,281,18584,1000
0,1,50000,0,2,27,0,0,0,0,0,0,48492,48356,32904,28864,29708,29921,1600,1715,2000,3010,2000,1100
1,1,120000,0,3,43,0,0,0,0,0,0,116032,114987,117491,118513,75278,77070,4201,5001,4134,2700,3000,5030
0,0,30000,0,3,45,0,0,0,0,-1,-1,28611,23312,19590,18447,15525,0,1352,1290,4150,15525,0,0
0,1,180000,0,5,44,0,0,-1,-1,-1,-1,20916,0,850,0,6881,10340,0,850,0,6881,10340,182
1,0,30000,1,2,35,1,-1,-1,2,0,0,0,26232,29093,28319,29064,28658,26232,3300,0,1200,1100,1500
1,1,70000,0,3,53,2,2,2,2,2,2,54251,55402,53925,56814,58053,59246,2600,0,4400,2300,2300,2100
0,0,230000,0,2,41,-2,-2,-2,-2,-2,-2,24477,23722,4791,3516,7475,5352,23722,4791,3516,7475,5352,2120
0,1,70000,0,2,40,0,0,0,0,0,0,43045,44088,45102,45861,47951,49252,2036,2050,1809,3000,2251,1627
0,0,130000,0,1,38,0,0,0,-2,-2,-2,64942,66775,0,0,0,0,4000,0,0,0,0,0
1,1,210000,0,1,46,0,0,0,0,0,0,112901,110089,108775,107090,104037,101337,4910,3939,3792,3657,3631,3500
0,0,50000,1,3,39,-1,-1,-1,0,0,0,238,-152,48257,48455,48195,48828,0,48799,1773,1711,1785,1745
1,0,50000,1,2,41,0,0,0,-2,-2,-1,48729,19598,0,0,0,402,1000,402,0,0,402,19603
1,1,220000,1,1,37,2,2,0,0,0,0,185955,181587,186054,188465,192758,196493,0,9000,7000,7500,7100,7500
0,0,350000,0,1,36,-1,-1,-1,2,-1,-1,326,326,652,326,3817,2802,326,652,0,3817,2802,0
0,0,30000,1,2,27,0,0,0,-2,-2,-2,7956,10529,28870,29391,29724,30400,5000,28872,1500,1000,1078,1000
0,1,160000,1,3,26,0,0,0,0,0,0,58929,60950,61292,16623,33393,34220,3000,2000,15000,33000,3000,1100
0,0,160000,1,1,40,1,-1,-1,-1,-1,-1,0,567,4027,3100,2123,4899,567,4059,3100,2123,4899,3165
0,0,20000,1,2,30,1,-2,-2,-2,-2,-2,-300,-690,-1080,-1470,-1860,-2250,0,0,0,0,0,4000
0,0,80000,0,2,23,0,0,-1,0,0,0,80715,82687,80613,80671,72785,74313,5000,81000,2776,2600,2696,2812
1,0,50000,0,2,26,0,0,-2,-2,-2,-2,4136,0,0,0,0,0,0,0,0,0,0,0
1,1,80000,0,2,26,0,0,0,2,0,0,77037,71799,75743,67626,69081,70772,3300,5800,0,2700,3000,2700
0,0,30000,1,2,28,0,0,0,0,0,0,25198,25988,27107,27450,29193,27372,1500,1600,1000,2100,1400,500
0,0,200000,0,1,40,-1,-1,-1,0,0,-1,5853,6549,9389,18475,1016,4934,6567,9421,14068,3,4948,7770
0,1,200000,0,1,25,0,0,0,-1,0,0,11740,7221,1341,25068,52486,45047,2012,1025,32994,37042,2004,2502
1,1,30000,0,1,47,0,0,0,2,2,2,24895,26476,28047,29767,30498,29890,2000,2000,2500,1500,0,1200
1,0,10000,0,1,24,2,0,0,2,2,2,6524,7559,9564,9264,9862,10050,1300,2300,0,900,500,0
0,1,80000,1,3,62,-1,-1,-1,-1,-1,-1,1262,1642,1975,672,5112,3932,1642,1975,672,5112,3932,20289
0,0,30000,1,1,24,0,0,0,0,0,0,28495,29632,30629,29357,30143,30419,1900,1800,1045,1250,1100,1100
0,1,500000,1,2,33,0,0,0,0,0,0,134503,114682,124240,131006,137911,119343,20031,20029,20058,20127,10000,10027
1,0,80000,1,1,33,2,2,2,2,2,2,67206,65537,69361,67647,72524,74068,0,5500,0,6000,3000,0
0,1,200000,1,2,55,0,0,0,0,0,2,184505,182475,180103,180647,76236,71415,8000,7512,8034,5600,0,2700
0,0,120000,0,2,31,0,0,0,0,2,2,46736,75853,79570,106523,108614,107519,30000,5000,30000,3900,4000,3800
0,0,200000,0,2,27,-1,-1,-1,0,-1,-1,13285,2150,14122,27413,35377,29922,2155,14122,23007,7212,29922,37790
1,1,230000,1,1,61,-1,-1,-1,-1,-1,-1,1477,3699,2252,4932,2783,7411,3710,2266,7338,2791,7433,4527
0,0,200000,0,1,35,-1,0,0,0,0,0,9918,10971,11817,17865,18239,14527,1219,1165,7865,592,807,679
0,1,290000,0,1,31,-1,-1,-1,-1,-1,-1,21720,1240,3682,4694,5258,1248,1240,3682,4704,5258,1248,9600
0,1,200000,0,3,53,0,0,0,2,0,0,88895,79074,47318,21594,19067,13814,2600,3224,0,8000,8000,8000
1,0,50000,0,1,27,2,3,2,2,2,2,12250,11761,12476,11979,12880,12531,0,1200,0,1100,0,1200
0,0,160000,0,2,33,0,0,0,0,0,0,140225,140745,139923,140815,139935,138912,5211,5000,5000,5000,5000,6000
0,0,50000,1,2,28,0,0,0,0,2,0,28864,30090,31282,33350,32682,33385,2000,2000,2900,0,1400,1600
0,0,80000,0,5,27,0,0,0,0,0,0,81787,77845,60159,54151,45108,44490,2600,3009,2200,2000,2000,2832
1,1,200000,1,1,49,-1,-1,-1,-1,-1,-1,390,390,390,390,390,390,390,390,390,390,390,390
0,0,270000,0,2,27,1,2,0,0,0,0,253072,247521,253024,258109,243331,247504,0,11000,11000,8900,9000,9200
1,1,110000,1,1,29,0,0,0,0,0,0,47982,43735,41840,40199,39612,27926,1809,2012,1504,1502,1514,1007
0,1,500000,1,2,31,0,0,-1,0,0,0,29566,25560,294257,278725,89161,87863,6025,294318,10254,7524,5009,2333
1,0,30000,1,2,29,6,5,4,3,2,0,32875,32101,31071,30136,28496,29675,0,0,0,0,1642,0
0,0,160000,0,2,27,0,0,0,0,0,0,100613,78592,80240,39835,41150,0,3600,3700,1700,2000,0,0
0,1,200000,1,1,45,-2,-2,-2,-2,-2,-2,3659,1710,5033,1125,1088,4469,1718,5069,1130,1093,4491,0
0,0,300000,0,1,34,2,0,0,2,0,0,74917,70878,68463,52987,46867,16335,3028,4560,78,3171,5015,5047
0,1,130000,1,5,46,2,0,0,0,0,0,79705,59716,38343,37834,37429,36991,2475,1600,1300,1400,1400,2000
0,0,20000,1,2,28,0,0,0,0,0,0,11449,12811,11779,12379,12879,14879,1582,1400,1000,500,2000,500
0,0,200000,0,2,25,0,0,2,0,0,0,175435,195581,190716,132731,129960,66747,24720,0,6000,40450,13000,5000
1,1,210000,0,2,43,0,0,0,0,0,0,209781,180962,181870,159975,138349,112371,6500,6601,5085,4087,4220,27704
1,0,70000,1,2,28,1,2,2,2,2,2,26357,27223,27492,28738,27977,30022,1600,1000,2000,0,2500,0
1,1,50000,0,3,40,0,0,0,0,0,0,19824,29311,30862,26614,15571,14971,15000,10000,5000,1500,800,2000
0,0,80000,1,2,26,-2,-2,-2,-2,-2,-2,2970,-10,-10,-10,16587,0,0,0,0,16597,0,0
1,1,80000,0,1,24,0,0,0,0,0,0,47952,45713,46752,46375,46893,47872,1732,1771,1714,1632,1687,1749
1,1,170000,0,1,30,1,-2,-1,-1,-2,-2,0,0,550,0,0,0,0,550,0,0,0,0
1,1,180000,1,3,44,0,0,0,0,0,0,172064,175287,119687,131725,134122,133961,8000,5018,21000,6000,6000,6000
0,0,90000,1,2,26,-1,2,-1,0,0,0,481,1149,39674,38968,39853,8064,1000,39674,1200,1217,1025,500
0,1,50000,0,3,52,0,0,0,0,0,0,47670,48447,49493,48497,18930,19329,1954,2000,20567,1000,664,1000
1,1,50000,1,2,48,2,2,2,2,2,0,42850,42850,45741,45694,45645,46457,1000,3900,1000,1000,1700,4500
1,1,280000,0,1,35,2,-1,0,0,0,0,47,97767,99036,96383,86060,62312,99007,5000,3027,6025,2001,1903
0,0,420000,1,1,34,-1,0,0,0,-2,-2,18037,9944,3254,-16,-16,-16,3048,3016,0,0,0,3262
0,1,30000,0,3,25,0,0,0,0,0,0,25366,27626,22034,16312,14614,0,5000,1000,326,292,0,0
0,0,20000,1,2,26,2,0,0,0,2,2,6078,7015,8036,9597,9294,10242,1200,1140,1700,0,1100,0
1,1,170000,1,2,34,1,2,2,2,2,0,91450,90486,86004,64363,55912,54500,3400,0,3957,0,2200,1300
0,0,50000,1,2,29,0,0,0,0,0,0,51232,50732,50962,49908,32361,21138,1900,2300,1500,1500,900,900
1,1,50000,0,2,47,0,0,0,0,2,2,47500,46937,44681,47537,46644,49765,2700,2000,3600,0,3890,0
1,0,50000,1,2,29,0,0,0,-2,-2,-2,1972,2524,0,0,0,0,2500,0,0,0,0,0
1,1,200000,0,1,42,-1,-1,2,-1,-1,-1,796,770,770,5259,1329,3609,770,0,5269,1329,2280,0
0,0,150000,0,1,25,-1,0,-1,-1,-1,-2,18836,5312,740,10,0,0,2000,740,1410,0,0,0
0,1,440000,0,1,54,0,0,0,0,0,0,293717,254498,169622,169140,152404,138447,9700,6323,5700,4800,4000,4500
0,0,20000,0,2,25,0,0,0,0,0,3,8011,9041,10903,11622,13280,12778,1320,2181,900,2000,0,0
0,0,20000,0,2,21,0,0,0,2,0,0,14326,15334,18206,17482,34862,14860,1252,3124,0,349,297,0
0,0,60000,1,3,30,0,0,0,0,0,0,26324,27471,28108,21993,19899,19771,1576,1213,648,768,1140,0
1,1,20000,1,2,34,0,0,2,0,0,0,17650,18740,18373,18768,19315,20836,2500,1000,1000,1000,2000,0
0,0,390000,1,1,37,-2,-2,-2,-2,-2,-2,73,10925,0,0,0,0,10952,0,0,0,0,0
0,0,160000,0,2,24,0,0,0,0,0,0,37030,17303,14742,16617,17670,0,4060,6037,8528,7053,0,0
0,1,150000,0,2,26,0,0,0,0,0,0,36302,33060,33988,35112,36532,36345,2070,3995,3113,2540,3348,2029
0,1,420000,1,1,59,0,0,0,0,0,0,175795,160687,139704,100178,62967,49259,5300,4976,4899,3074,2023,3000
0,0,110000,0,2,38,0,0,0,0,0,0,195437,176420,63142,39854,9293,-1288,5000,10000,5048,2000,39958,52000
0,0,20000,1,2,22,0,0,-2,-2,-1,-1,13540,397,998,734,1698,500,406,1101,736,1799,601,0
0,1,80000,0,2,31,-2,-2,-2,-2,-2,-2,4771,4771,538,15664,150,1150,4771,538,15664,150,1150,791
0,0,300000,0,2,40,-1,-1,-1,-1,-1,-1,10626,10578,12963,989,12238,0,10582,13265,1087,12238,0,0
0,1,230000,0,2,29,-2,-2,-2,-2,-1,2,0,0,0,0,1004,854,0,0,0,1004,0,5183
0,0,200000,1,3,27,-1,0,0,0,0,0,3179,3844,5117,6877,7504,8148,1844,2117,1877,1504,1148,2599
0,0,250000,1,2,44,0,0,0,0,0,0,175070,175494,175711,153130,153859,103593,8000,6018,6887,6000,4001,12000
1,1,90000,0,3,53,0,0,0,0,0,0,60769,61943,62082,61436,27507,29218,2207,2500,1479,1000,3473,2500
0,0,290000,1,2,36,0,0,0,0,0,0,72774,67311,66183,61332,62445,59213,3500,3000,3000,3000,3000,3000
0,0,50000,0,2,45,0,0,0,0,0,0,44797,50215,49420,46434,45349,40755,46012,3000,1590,1285,1544,1761
0,1,80000,1,1,39,2,0,0,2,2,0,62281,63774,68204,69484,68247,71110,2500,5500,3000,0,4000,2500
1,0,200000,1,1,32,0,0,0,0,0,0,190530,194796,194205,195154,166778,167833,9000,9000,8000,6900,6000,6000
0,1,20000,1,3,48,-1,0,-1,-1,2,0,1522,1261,1261,2126,1573,1170,1000,1261,2126,0,0,150
1,0,260000,0,1,40,-2,-2,-2,-2,-2,-2,2095,781,3985,942,-18,3739,785,4004,946,0,3757,6119
0,0,150000,1,1,26,0,0,0,0,0,0,26443,27996,28963,8355,10355,12355,2000,2000,2000,2000,2000,2000
1,1,380000,1,1,40,0,0,2,0,0,0,95972,123558,114785,161444,163071,160076,30027,0,50005,20042,20000,20000
0,0,230000,0,2,23,-1,-1,-1,-1,-1,0,5049,1444,14019,1045,12525,12219,1444,14019,1045,12525,244,725
0,0,250000,0,1,42,-1,-1,-2,-2,-2,-2,16240,0,0,0,0,0,0,0,0,0,0,0
0,0,100000,1,1,36,0,0,0,-1,-1,2,15585,12430,8186,1127,10880,10143,5000,5000,1127,10143,0,7000
0,0,30000,0,2,23,0,0,0,0,0,0,28347,28296,25819,26409,26401,26448,2300,2390,1718,1100,1000,2000
0,0,50000,0,2,32,0,0,0,0,0,0,49547,49740,50275,20089,19964,19918,2100,2097,1289,712,713,1000
0,1,30000,1,1,28,0,0,0,0,2,0,10480,11503,12513,13804,13442,14066,1199,1209,1500,0,1000,1500
1,1,80000,0,1,25,0,0,0,0,0,0,66426,55334,53738,49021,45494,44218,2657,1800,1799,1616,1697,1737
0,0,280000,1,1,32,-2,-2,-2,-2,-2,-2,19668,1000,3186,44932,2100,0,1000,3186,45028,2100,0,0
1,0,30000,0,1,23,2,2,2,2,2,2,25487,26513,27026,27871,29017,28403,1738,1251,1596,1742,0,1374
0,0,250000,1,1,31,-2,-2,-1,-1,-1,-1,3759,17694,14505,4757,11357,6679,8873,14548,4771,11491,6896,890
0,1,110000,0,1,27,0,0,0,0,0,0,52426,45107,44310,34820,36005,25976,1772,1900,1815,2000,1500,2000
0,1,210000,0,3,55,-1,-1,-2,-1,0,0,3857,0,0,95438,96317,98400,0,0,95438,3393,3580,3998
1,1,50000,1,1,36,2,2,0,0,0,0,45960,44883,40820,33545,46832,24101,0,1973,1784,845,1750,1010
1,1,190000,0,5,40,0,0,0,0,0,0,58783,59881,136994,118268,110476,111802,3100,80000,5000,4000,4100,5000
0,1,50000,0,2,44,0,0,0,0,-1,0,27200,10605,10355,9853,2917,1473,1172,1202,1000,2917,29,390
1,1,120000,0,3,58,1,2,2,2,2,2,79400,81490,83496,84333,85444,87323,4000,3900,3100,3400,3400,3400
1,0,390000,0,1,32,0,0,0,0,0,0,22008,23645,24947,26223,27643,29025,2000,2000,2000,2000,2000,2000
1,1,250000,0,2,44,0,0,0,0,0,0,47463,41059,35722,29492,23522,16815,3000,4000,3000,3000,2000,2000
0,1,90000,1,2,38,0,0,0,0,0,0,17621,18718,19809,20874,21228,21736,1700,1700,1700,1000,1000,1000
1,0,20000,1,2,24,2,0,0,2,2,2,4127,5557,7458,7192,7923,7647,1500,2000,0,1000,0,1000
1,1,60000,1,2,37,3,4,3,2,2,2,30381,29986,29210,29729,30505,32232,366,0,1300,1400,2400,2300
0,0,260000,0,1,31,-1,-1,-1,-1,-1,0,1629,933,2218,4068,9829,21270,933,2220,4068,9829,11680,553
1,1,80000,1,2,28,2,2,2,2,2,0,65499,63882,67741,69355,65139,60345,0,5000,3200,7,2309,3862
0,0,180000,0,1,26,-1,-1,-1,-1,-1,-1,17517,27856,16285,9632,15025,53941,28000,16370,9676,15098,54207,87358
0,0,60000,0,2,37,0,0,0,0,0,0,59462,60866,54007,52089,29397,29110,3000,2570,2202,1200,1100,1100
0,0,40000,1,2,26,1,2,2,2,2,2,11318,10845,12655,12156,20897,20411,0,2000,0,9000,0,1850
0,1,230000,0,3,38,0,0,0,0,0,0,14887,23751,52698,101007,103598,150430,10000,30000,50000,4691,50000,4000
1,0,20000,0,2,22,0,0,0,0,0,2,16072,17205,17903,18321,19680,18292,1700,1300,700,1643,0,1000
0,1,560000,1,2,36,-2,-2,-2,-2,-2,-2,4286,3273,2300,4930,2043,1019,3282,2306,4930,2049,1019,2580
1,0,500000,0,2,31,1,-1,-1,-1,0,0,0,5377,4131,44588,44388,5085,5377,4131,44588,0,0,3148
1,1,150000,0,2,41,1,-2,-2,-1,-1,-1,0,0,0,3355,962,821,0,0,4026,962,821,380
1,1,30000,1,1,33,4,3,2,2,2,2,22303,21657,21022,23661,22983,25607,0,0,3000,0,3000,0
1,1,100000,0,2,30,1,-2,-2,-2,-2,-2,-4,-4,-4,-4,-4,-4,0,0,0,0,0,0
0,0,150000,0,3,23,0,0,0,0,0,0,11329,10775,11829,7031,7172,5833,1219,1273,1069,1683,202,299
0,0,20000,1,2,40,0,0,0,0,0,0,17068,18283,19424,19208,19600,20000,1800,1600,384,392,400,0
0,1,180000,1,3,29,-2,-2,-2,-2,-2,-1,4358,3160,2611,8710,5127,8758,3169,2618,8736,5142,8766,15040
0,1,180000,0,2,28,-1,-1,-1,-1,-1,-1,340,-120,420,460,460,610,0,1000,500,460,610,460
0,0,20000,0,2,43,1,2,0,0,0,0,17188,16619,17341,18352,18716,19109,0,1294,1305,669,694,697
1,0,30000,0,2,23,2,2,2,0,0,2,19674,21050,20414,22008,23480,23777,2000,0,1934,1824,830,0
1,1,30000,0,3,29,2,0,0,2,2,2,23136,24205,28318,28755,29442,30003,1744,4857,1200,1300,1200,1100
0,0,50000,1,1,50,0,0,0,-1,-1,-1,47155,23882,10054,3122,8471,6315,2000,4038,3129,8471,12508,19216
1,0,20000,1,2,35,0,0,0,0,0,-1,20139,19067,19787,19682,7468,2312,1480,1200,394,210,5546,0
1,1,500000,1,1,59,-2,-2,-2,-2,-2,-2,0,0,994,3342,1240,700,0,994,3342,1240,700,2250
0,0,260000,0,2,31,0,0,0,0,0,0,69957,72727,73562,65954,30948,0,3945,2764,5431,633,0,0
0,0,80000,0,2,27,-1,-1,-1,-1,-1,-1,725,2959,1838,2899,1376,1320,2968,1838,2899,1376,1320,1107
0,1,30000,0,2,44,-1,-1,0,0,0,-1,2436,11376,21354,28308,23346,10784,11378,11004,9003,3349,10785,8984
1,1,10000,1,2,35,0,0,0,0,0,0,9159,10004,9722,10044,9856,10285,1160,1139,1241,345,580,180
0,0,140000,0,2,23,0,0,0,0,0,0,44733,44144,44739,43455,43980,44614,2100,2027,1800,1600,1750,1700
0,0,360000,0,1,30,1,-1,-1,-1,-1,-1,-6,1191,23812,3155,-140,27994,1197,23931,3171,0,28134,8402
0,0,330000,1,1,44,0,0,0,0,0,0,604019,605943,439854,404157,370686,294348,19001,14000,12000,15000,7000,7000
0,1,210000,0,1,39,0,0,0,0,0,0,35639,42091,27751,30418,23180,68842,10000,1372,5000,1304,60000,3000
0,0,30000,1,1,35,1,2,2,2,-1,0,18829,19223,20599,15642,23789,20562,1000,2014,6,25700,800,1989
1,1,30000,0,2,45,0,0,0,0,0,0,30226,31237,13511,13781,14070,14350,1676,1223,493,511,514,532
1,0,50000,1,1,29,-1,2,2,2,2,0,53746,51631,50880,51034,46154,42852,0,5160,1753,0,1508,5000
1,1,10000,1,3,51,2,2,2,2,0,0,3577,6012,6066,5820,6026,7680,2500,300,0,300,1774,284
0,1,50000,0,3,26,0,0,0,-2,-2,-1,6450,10744,0,0,0,239,4500,0,0,0,239,3363
0,1,130000,0,2,33,-1,-1,-1,0,0,-2,41573,0,13853,14277,0,0,0,13853,1000,0,0,0
1,1,240000,0,5,36,-2,-1,2,0,0,-2,-235,1765,871,871,-155,-155,2000,0,0,155,0,0
1,0,80000,1,3,44,2,0,0,0,2,2,57076,58358,58992,62696,64148,62965,2800,2200,4700,2600,0,4400
0,0,260000,0,2,39,0,0,0,0,0,0,255674,260778,124739,126892,131160,133400,10663,4520,4537,6308,6000,0
0,0,70000,0,2,22,0,0,0,0,0,0,66007,57354,58204,58171,47135,44585,2057,2168,2000,2007,2000,2000
0,0,50000,0,3,25,0,0,0,0,0,0,33831,34763,41674,15066,14066,17043,2000,10003,5001,10032,10001,10005
0,0,120000,1,1,29,-2,-2,-2,-2,-2,-2,119324,119255,120584,70990,0,0,5025,4023,3300,0,0,68010
0,1,500000,1,1,37,-1,-1,-1,-1,-1,-1,37443,24110,28593,22707,23495,40283,24197,28832,22784,23536,40542,12169
0,0,50000,0,3,26,1,2,0,0,0,0,48421,42779,34992,25916,27207,26192,0,1424,1500,1677,1500,1500
1,1,480000,1,2,40,0,0,0,0,0,0,69011,69842,71857,66673,65200,65511,3000,3000,2096,2115,2089,2207
0,1,410000,0,1,44,-2,-2,-2,-2,-2,-2,-1,1733,-2506,-2506,-2506,-2506,1734,2506,0,0,0,0
0,0,50000,0,1,22,2,2,2,0,0,0,41632,44069,37395,32284,32805,33751,3509,0,1302,1191,1492,1949
0,1,350000,1,3,37,0,0,0,0,0,0,70257,73151,47298,25692,24542,23697,20001,5045,3000,2005,3001,4
1,1,220000,1,2,43,0,0,0,0,0,0,84466,84356,84151,83591,83789,83885,4000,4000,3500,3500,3500,3500
0,0,310000,1,2,26,0,0,0,0,0,0,304091,309627,315544,309272,240119,235799,12805,13567,13203,8765,9643,9035
0,0,50000,0,2,39,0,0,0,0,0,0,41598,35995,33059,32663,29608,28939,1825,1593,1458,1186,1198,1114
1,1,220000,0,2,46,0,0,0,2,2,0,86957,85577,91266,88051,81803,79286,4000,12000,3100,0,2900,3000
1,1,50000,0,2,48,0,0,0,0,0,0,55329,51870,53164,46575,26609,27178,1902,2176,2064,1098,2134,1139
0,0,160000,0,2,31,-2,-2,-2,-2,-2,-2,11648,780,0,5100,0,0,780,0,5100,0,0,0
0,0,250000,0,2,29,0,-1,-1,-2,-1,-1,20687,14082,-38,-38,7581,5625,14158,0,0,7619,5653,652
1,1,180000,1,2,50,-1,-1,-1,-1,-1,0,1156,396,776,776,1552,776,396,776,776,1552,0,776
0,1,60000,0,1,36,0,0,0,2,2,2,4373,5428,9754,7795,8258,8370,1131,4457,37,500,300,0
0,0,220000,0,1,31,-2,-2,-2,-2,-2,-2,3785,1137,377,5763,3952,412,1142,377,5763,3952,412,1294
0,1,260000,0,1,33,-2,-2,-2,-1,0,0,6475,2500,500,210,210,-90,2500,500,210,0,0,0
0,0,200000,0,1,34,-2,-2,-2,-2,-2,-2,0,0,0,0,0,35979,0,0,0,0,35979,6191
1,0,50000,1,2,31,0,0,0,0,0,-1,49024,48778,96487,43639,5290,41302,1813,2079,2650,106,41302,2000
0,1,210000,0,2,43,1,-2,-2,-2,-2,-2,0,0,0,0,0,0,0,0,0,0,0,0
0,0,30000,1,2,40,1,2,0,0,-1,-1,15526,14923,10936,11436,1520,0,0,1000,500,1520,0,0
0,1,150000,0,2,38,-1,-1,-1,0,0,0,5219,0,5200,1561,1633,230,0,5200,0,72,460,4487
0,1,350000,1,2,42,-1,-1,-1,0,0,-1,1037,1360,8686,3061,396,391,1365,8722,72,0,391,1406
0,0,320000,1,2,46,0,0,0,0,0,0,345408,340055,332945,327229,320032,290003,15004,13004,13004,11120,11004,11010
1,1,220000,0,2,54,-1,-1,0,-1,-1,2,264,1138,3874,264,3105,2074,1138,3000,264,3105,0,264
0,0,80000,0,2,35,1,2,2,2,2,2,30997,32043,31250,34109,34802,34108,1852,0,3711,1550,0,1400
1,0,90000,0,1,27,1,2,2,2,2,2,17374,16806,18768,18169,19682,19220,0,2251,0,1807,0,10000
0,1,70000,1,1,27,1,-1,-1,-1,-2,-1,-54,273,19,-254,-527,1096,600,19,0,0,1896,0
0,0,90000,0,3,39,1,-2,-2,-1,0,0,0,0,0,873,873,0,0,0,873,0,0,0
0,1,150000,0,2,34,-2,-2,-2,-2,-2,-2,316,1801,1139,2246,5435,466,1801,1139,2246,5435,466,316
0,1,120000,0,3,42,-1,-1,-1,-1,-1,-1,2386,780,2158,6968,2552,626,1000,2826,7026,2620,1000,26187
1,0,90000,1,2,33,2,2,2,2,2,2,62011,63426,64288,65236,66639,67893,3000,2500,2600,2600,2500,2800
0,1,50000,1,1,34,0,0,0,0,0,0,45341,31383,16235,17035,15601,16349,2115,2000,2022,1000,1000,2000
0,1,230000,0,1,49,-2,-2,-2,-2,-2,-2,1034,299,8994,1796,3970,7214,299,8997,1808,3970,7214,3684
0,0,30000,0,2,35,0,0,0,0,-2,-2,29728,30479,13052,0,0,0,1779,3345,0,0,0,0
0,0,370000,1,2,33,1,-2,-2,-1,2,2,0,0,0,361,211,3659,0,0,422,0,3448,0
0,0,200000,0,2,27,-1,-1,-1,-1,-1,-1,6369,5830,7254,7164,4576,5792,5830,7254,7164,4675,5792,5196
0,1,180000,0,3,27,-1,-1,-1,-1,-1,-1,3898,0,715,4079,0,213,0,715,6942,0,213,0
0,0,250000,1,2,32,-1,-1,-2,-1,0,0,79319,0,0,174749,171541,175042,0,0,174749,0,3501,146794
0,0,240000,0,1,32,2,2,2,2,2,2,209368,204501,223137,226470,229706,234889,0,22000,8500,8500,9000,0
1,0,320000,0,2,28,1,2,2,0,0,0,23595,23906,22035,22015,21163,25806,2000,0,2007,1000,5000,2000
0,1,140000,0,2,33,0,0,0,0,0,0,133094,132777,131672,133496,128509,124035,5005,4603,5002,4505,4400,4300
1,1,60000,0,3,44,0,0,0,0,0,0,56403,57765,59198,31437,32113,33591,2300,2600,1600,1200,2000,1300
1,1,50000,1,1,56,0,0,0,0,0,0,50715,51073,28185,28842,30399,29977,2500,1500,1100,2000,1500,1017
0,0,70000,0,2,24,-2,-2,-2,-1,-1,0,63912,53137,45078,6823,28989,29059,2400,2000,1000,30848,975,863
0,1,150000,0,2,49,-1,-1,0,-1,-1,-1,4016,5115,3425,1334,2117,1098,5119,1002,1336,2119,1098,757
0,0,30000,0,2,31,0,0,2,0,0,0,29493,19433,18782,19006,19637,21251,3200,0,742,1000,2000,0
1,0,20000,1,2,26,3,2,2,3,3,3,1050,1050,1050,1050,1050,1050,0,0,0,0,0,0
0,1,100000,0,1,32,-1,-1,2,-1,-1,-1,1876,9814,6690,1196,416,620,9814,443,1196,2080,620,928
0,0,410000,1,1,40,-1,-1,-1,2,-1,-1,34405,18612,19975,8906,10491,9347,18612,8944,7,10491,9347,9727
1,1,220000,0,2,29,0,0,0,0,0,0,131598,132727,135509,139774,141099,155763,4800,4920,6520,5120,17001,0
1,1,80000,0,1,39,1,2,2,2,0,0,21340,22389,23017,22349,22791,23331,1700,1280,0,814,905,30331
1,1,50000,1,2,42,1,2,0,0,-1,2,49559,48019,45368,-500,7907,7258,0,2200,0,8407,0,1000
1,0,90000,0,2,28,1,2,2,2,0,0,83480,89264,89896,86706,87385,88351,8000,3000,0,3000,5000,5000
0,0,110000,0,2,36,1,2,0,0,2,2,10448,10144,14516,19396,9298,14116,0,5000,5000,0,5000,0
0,1,180000,0,2,34,-1,-1,-2,-2,-1,-1,8000,0,0,0,600,0,0,0,0,600,0,0
1,1,250000,1,1,48,0,-1,-1,-1,0,-1,205323,5317,4898,19351,4858,6973,10021,5033,19619,4874,7050,12073
0,0,140000,0,3,35,0,0,0,0,0,0,119184,130939,90894,85805,85907,88615,14113,5000,3000,4000,4000,10000
1,0,120000,1,3,43,2,3,2,2,2,2,41439,42455,44872,45636,46388,47398,2000,3400,1800,1800,1900,2059
0,0,10000,1,2,22,0,0,0,0,0,0,8780,4060,2774,3764,4001,5134,1100,1300,1200,300,1200,0
1,1,120000,0,1,27,0,0,0,0,0,0,110994,29177,30212,31226,31844,32513,1471,1506,1520,1138,1180,1345
1,0,220000,0,1,42,3,2,2,2,2,2,2500,2500,2500,2500,2500,2500,0,0,0,0,0,0
0,0,50000,1,3,27,0,0,0,0,0,0,45002,46053,45120,45870,46975,49284,2100,2100,1800,2000,3100,1300
1,0,50000,0,1,24,0,0,0,0,0,0,33879,35211,36263,37061,37943,42305,1900,1918,1700,1500,5000,0
0,1,180000,0,1,43,-1,-1,-1,0,-1,-1,36484,24049,89271,1946,11859,506,24049,91272,162,11859,506,1304
1,1,300000,0,2,40,-1,-1,-1,-1,-1,-1,2991,1278,4043,683,172,402,1278,4045,685,172,402,4080
0,0,10000,1,3,35,0,0,0,0,0,0,7877,8918,9864,9673,9414,9156,1174,1120,310,316,1000,2000
0,0,230000,0,2,30,0,0,0,0,0,0,62988,63056,63741,64096,64473,64927,2847,2303,2284,2280,2345,2333
0,0,500000,0,1,52,0,0,0,0,0,0,76701,71680,67260,76145,74831,111826,2540,3334,15012,2822,40025,20067
1,1,150000,0,2,37,0,0,0,0,0,-2,144744,147891,116541,114511,0,0,4610,2336,2290,0,0,0
0,0,50000,1,2,32,0,0,0,0,0,0,50805,51088,50810,50814,50927,50438,2284,2006,2010,2123,2138,2442
0,0,260000,0,1,36,0,0,0,0,0,-1,122825,88273,91908,90857,-81334,142645,5000,6000,5020,81569,331788,10002
0,1,110000,0,3,27,0,0,0,2,0,0,28686,32765,27864,25691,28257,24161,5000,7000,0,10000,4161,5000
1,0,50000,0,1,30,0,0,0,0,0,0,45977,45931,45344,36789,28918,23095,1823,1818,1312,879,781,800
0,1,500000,1,3,52,-1,-1,-1,-1,-1,-1,30561,38207,18008,29158,11484,103340,38219,18008,29248,11484,103340,28524
0,1,200000,0,1,30,-1,-1,-1,-1,-1,-1,105,271,588,111,305,432,271,588,111,305,432,0
1,1,130000,0,1,43,-2,-2,-2,-2,-2,-2,2798,2732,8072,5723,6232,8873,3228,8141,5744,6232,8873,3982
0,0,300000,0,1,43,1,-2,-2,-1,-1,-2,1352,2380,0,970,0,89,2380,0,970,0,89,0
0,0,50000,0,1,29,0,0,0,0,0,0,44498,41897,17304,16544,14787,15975,4000,4000,2000,3000,3000,3000
0,1,150000,0,3,35,-1,-1,-1,-1,-1,-1,11500,4998,4996,4998,4998,49398,4998,4996,5000,4998,49398,4552
0,1,500000,0,5,32,0,0,0,0,-1,-1,139255,52757,24273,9508,23294,2235,2040,1292,9555,23310,2244,2156
0,1,50000,1,3,47,0,0,0,2,0,0,11752,13244,14722,15181,15928,16671,2000,2000,1000,1000,1000,1000
0,0,500000,1,2,32,0,0,0,2,0,0,126599,132527,138945,142235,144959,148697,8000,8500,7000,7000,6000,15000
0,0,80000,0,1,28,0,0,0,0,0,-1,73606,81876,71029,67915,69190,53606,10200,4000,10000,11700,53606,5000
1,1,50000,1,2,49,0,0,0,-1,-1,-1,46693,14453,6701,3581,0,6000,1158,1010,3581,0,6000,3261
0,0,50000,0,2,24,-1,-1,-1,-1,0,-1,1580,306,995,1055,102,2110,306,995,1055,0,2110,0
0,1,360000,0,3,45,0,0,0,0,0,-1,167370,183070,190369,185069,195069,27004,20000,16000,5000,20000,30000,10000
1,0,20000,0,2,22,2,2,2,2,0,0,5743,7487,8114,7835,8605,10948,2000,900,0,900,2500,0
0,0,240000,1,2,34,0,0,0,0,0,0,225709,228893,232706,187325,129889,123680,8544,9257,8583,4292,5133,4257
0,0,310000,0,2,29,0,0,0,0,0,0,182202,162547,140911,111881,78759,78877,5118,3758,3901,2206,3089,3023
0,1,240000,1,2,54,0,0,2,0,0,0,16135,249258,243589,204754,201426,198736,234000,30,7046,7023,10005,8014
0,0,300000,1,1,45,-1,-1,-1,-1,-1,-1,999,-7334,8333,6666,8333,8333,0,24000,6666,10000,8333,15449
1,1,50000,0,3,40,0,0,0,0,0,0,49941,51213,12104,12898,13687,14458,2400,1206,1000,1000,1000,1000
0,0,360000,1,1,32,-1,-1,-1,-1,0,0,27,185,0,617,617,0,185,0,617,0,0,0
0,0,40000,1,2,22,-1,-1,-1,0,0,0,900,2833,9495,6965,2759,0,2833,9495,0,0,0,0
0,0,200000,1,2,38,0,0,0,0,0,0,105729,106296,110031,112410,128894,131588,3806,5449,5694,20000,4774,5101
1,1,120000,0,2,54,1,-2,-2,-2,-1,-1,-200,-200,-200,0,700,1935,0,0,200,700,1935,0
0,0,130000,0,2,26,2,2,2,2,0,0,5169,6228,6065,3489,3489,1163,1300,1250,0,0,0,0
0,0,30000,0,2,44,-2,-2,-2,-2,-2,-2,0,1330,2988,0,30000,0,1330,2988,0,30000,0,1219
0,0,20000,0,2,23,0,0,2,0,0,0,12483,15032,14506,15516,15561,15910,3071,0,1555,600,600,700
0,1,350000,1,2,38,1,2,0,0,2,0,70845,69318,71301,75129,71313,68046,0,3500,5500,0,2500,2000
0,0,80000,1,1,27,-2,-2,-2,-2,-2,-2,2049,805,1672,12205,3487,24764,2003,2019,12241,3510,24843,4001
0,1,150000,0,4,36,-2,-2,-2,-2,-2,-2,5253,0,0,0,0,0,0,0,0,0,0,0
0,0,20000,0,2,32,0,0,0,0,0,0,18377,18353,19103,19471,19225,19106,1288,1305,1277,656,1106,602
0,0,370000,0,1,37,0,0,0,0,0,0,308011,302783,297700,298224,338565,288924,10404,10015,16502,60003,15008,20000
0,1,20000,1,2,34,-1,-1,-1,-1,0,0,13936,8643,1973,17711,13747,13901,8735,1973,17711,2000,5000,5000
1,0,220000,0,2,30,0,0,0,0,0,0,32357,30971,31277,23258,4546,6470,2000,1377,8011,165,2000,1000
0,1,200000,1,1,39,0,0,0,0,0,0,192257,192560,198501,194782,191172,193267,7004,10061,7071,6514,7081,10121
0,0,30000,1,2,34,2,0,0,0,0,2,27358,25652,26723,27104,28616,29102,1750,1800,1118,2100,1100,0
0,0,30000,1,2,27,0,0,0,0,0,0,18951,17298,14793,15566,15014,15413,1270,1300,1000,1000,800,1000
0,1,310000,1,1,45,-2,-2,-2,-2,-2,-2,8918,13813,6099,6255,5512,5451,14000,6129,6286,5539,5478,3613
1,0,100000,1,1,27,2,0,0,2,2,2,34694,36014,39321,39145,39494,39896,1900,4200,900,1400,900,6440
0,0,400000,0,1,31,-1,-1,-1,-1,0,0,72551,8572,2190,12881,7497,11563,8657,2190,12881,0,4590,0
0,0,400000,0,2,38,-1,0,-1,-1,0,-1,3697,3600,1354,5322,5103,2077,1000,1354,5322,6,2386,9085
0,0,200000,0,2,35,1,-2,-1,-1,-1,-1,0,0,5825,0,3217,8273,0,5825,0,3217,8273,5158
0,0,150000,1,3,43,0,0,0,0,0,0,150797,52509,50683,46602,40599,37192,3008,2014,1599,2014,2018,1041
0,0,230000,1,1,39,1,2,2,2,2,0,276758,282285,269849,255954,235290,203223,12000,10000,8300,0,8006,6270
1,1,20000,1,1,24,-1,-1,-1,-1,0,-1,720,100,1192,7804,6200,3982,100,1192,7807,124,3982,1156
0,1,240000,0,2,38,1,-2,-2,-2,-2,-2,0,0,0,0,0,0,0,0,0,0,0,0
1,0,540000,0,1,37,0,0,-1,-1,-1,0,4696,6579,1464,-2800,13916,12517,2033,1485,16,20016,2016,2019
1,1,340000,1,1,38,-1,-1,-1,-1,-1,-1,325,325,325,580,9664,29200,325,325,580,9664,29200,5260
0,0,50000,0,1,26,-1,-1,-1,-1,-1,-1,1156,316,316,316,316,316,316,316,316,316,316,316
1,0,190000,0,1,43,2,0,0,0,0,0,191869,193660,174848,124776,92684,100151,7305,6099,4793,3684,12251,1265
1,0,300000,0,2,27,1,-1,-1,-2,-2,-2,0,5215,0,0,0,0,5215,0,0,0,0,0
1,1,70000,0,2,41,2,3,3,3,3,2,50460,52331,53896,54426,52956,54459,3000,3000,2000,0,2500,2200
1,1,400000,1,1,34,-2,-2,-2,-2,-2,-2,0,0,0,0,0,0,0,0,0,0,0,0
0,0,340000,0,1,33,0,0,0,-2,-1,-1,35695,40924,0,0,7687,21200,6018,0,0,7687,21200,10600
0,1,500000,0,1,35,1,-1,-1,-1,-1,-1,0,640,31762,42935,2464,2532,640,31764,51986,55000,2532,5717
0,0,530000,1,1,30,0,0,0,0,0,0,214022,393664,235392,232640,239004,236657,20000,10000,10000,10000,9000,10500
0,0,30000,0,2,24,-2,-2,-2,-2,-2,-2,0,0,0,0,0,0,0,0,0,0,0,0
1,0,280000,0,1,36,-1,0,-1,-1,-1,-1,17951,18915,7926,17965,24432,10805,6094,7966,18059,24554,18860,17313
1,1,300000,1,2,41,0,0,0,0,-1,0,39260,29318,16703,16000,10154,10154,2052,3012,2048,10154,0,4589
0,1,230000,0,2,40,-2,-2,-2,-2,-2,-2,0,0,0,144,225,0,0,0,144,225,0,0
0,0,100000,1,1,31,0,0,0,0,0,0,30505,31509,32597,33520,28930,30478,1509,1597,1520,1500,2000,26715
1,0,50000,0,1,40,0,0,0,0,0,0,48519,35968,29453,26660,26235,27647,1800,1755,1500,1101,2000,1135
0,0,90000,0,3,55,0,0,0,0,0,0,23379,23715,24310,24561,22829,22486,1402,1387,1028,816,804,987
1,1,150000,0,1,33,0,0,0,0,0,0,11529,6745,6177,7215,7644,8367,2000,1262,1300,700,1000,950
0,0,180000,0,2,35,-1,-1,-1,-1,-2,-2,1264,176,1247,0,0,0,176,1247,0,0,0,1768
0,0,140000,0,2,24,2,2,2,0,0,0,38661,42699,41739,43730,45687,46796,5000,0,3000,3000,2000,4093
0,1,100000,1,2,36,0,0,0,0,0,0,46202,47239,48258,49218,99677,51738,1784,1803,1763,1843,4654,2297
0,0,230000,1,1,37,-2,-2,-2,-2,-2,-2,211,162,155,155,75,635,162,155,155,75,635,2336
1,1,30000,0,2,24,0,0,0,2,0,0,18220,20606,22880,22217,23694,24151,3000,2620,0,2000,1000,1000
0,0,150000,1,4,29,0,0,0,0,0,0,200442,206334,206221,69995,60000,0,8500,8000,2500,1500,0,0
0,0,50000,0,3,23,2,0,0,0,0,0,32847,29705,15445,16782,16960,17208,1941,1263,1600,754,671,831
0,1,340000,1,2,36,-2,-2,-2,-2,-2,-2,19628,14586,15018,12062,3894,7957,14594,15047,12064,3894,7957,18191
0,1,500000,0,1,28,0,0,2,0,0,0,390393,374105,467911,355531,587067,323821,26085,13566,18975,11096,35204,10121
1,0,30000,1,2,32,2,0,0,2,2,2,7851,9065,11595,11112,12923,12566,1500,3000,0,2000,0,1000
1,0,190000,0,1,29,0,0,0,0,0,0,28096,29322,30144,31243,32719,33540,2000,1600,1600,2000,1500,1300
1,1,20000,1,2,38,0,0,0,0,0,0,8337,11191,12219,14009,15773,17515,3000,1210,2000,2000,2000,1200
0,0,50000,0,2,32,0,0,0,0,0,0,36062,36345,10529,8337,2475,0,1500,1847,1000,0,0,0
0,0,30000,0,2,25,0,0,0,2,2,2,25664,26693,28456,29687,30690,31093,1448,2211,2000,1626,1049,11
1,1,60000,1,2,53,0,0,0,0,0,0,56765,57849,57432,27126,27579,29085,3000,4000,2000,2000,2000,2000
0,0,300000,0,2,28,-1,-1,-1,-2,-2,-1,603,4728,0,0,0,279,4747,0,0,0,279,423
0,1,150000,0,1,36,-1,-1,-1,-1,-1,-1,13447,17877,25172,4694,6292,13943,17914,25349,4694,6324,14433,17378
0,1,50000,0,2,38,-1,-1,-1,-1,-1,-1,390,390,390,390,390,390,390,390,390,390,390,390
0,1,70000,0,2,22,0,0,0,0,0,0,57889,33868,33390,26457,27165,27562,1592,1497,947,1134,1000,1021
0,0,180000,0,1,42,-1,0,0,0,0,0,4314,5495,54903,56458,58616,55032,2500,50000,3000,3000,2000,2500
1,0,330000,0,2,27,1,-2,-2,-2,-2,-2,0,0,0,0,0,0,0,0,0,0,0,0
0,1,240000,0,2,39,4,3,2,2,2,2,47739,46712,45660,48905,47993,52015,0,0,4000,0,5000,2000
0,0,130000,0,2,38,-1,-1,-1,0,0,-1,780,0,11836,7216,8826,390,0,11836,2000,2000,390,390
0,0,90000,0,1,27,0,0,0,2,0,0,37026,40641,42142,35349,29790,26414,5000,3611,199,208,0,2000
0,0,50000,1,2,51,0,0,0,0,0,0,3347,3899,4503,5347,6375,7077,1000,1066,1300,1500,1200,134
0,1,30000,0,3,51,0,0,0,0,0,-1,14417,17261,20543,18180,7200,18183,9000,5000,8180,2200,18183,8975
0,0,80000,1,1,24,0,0,0,0,0,0,77225,75429,71977,56023,47582,48039,3649,2502,2205,1702,1800,1908
1,1,140000,0,2,40,0,0,0,0,0,0,102502,101164,99579,99004,88485,85218,5000,5000,5000,3000,3000,4000
0,0,210000,0,2,33,-1,-1,-1,-2,-1,-1,98,1090,0,0,580,500,1120,0,0,580,500,0
1,1,140000,1,3,39,1,2,2,2,0,0,89592,92225,93890,91013,91535,93065,5000,4000,0,3000,7893,2660
0,0,160000,1,2,41,-1,-1,-1,-1,0,-1,326,1306,326,79652,326,49326,1306,652,79652,0,49326,326
0,0,50000,0,2,25,-1,-1,-1,2,0,-1,8731,2463,8514,5797,2413,33353,2463,8514,0,0,33353,5868
0,1,120000,0,2,36,0,0,-2,-2,-1,-1,106609,380,0,970,5576,0,380,0,970,5576,0,2785
0,0,120000,0,1,27,-1,-1,-2,-2,-2,-2,934,0,0,0,0,0,0,0,0,0,0,0
1,0,120000,0,3,26,-1,-1,-1,-1,-1,-1,1467,975,246,246,246,884,975,246,246,246,884,1000
1,0,240000,1,1,33,-1,-1,-1,-1,-1,-1,6785,57953,20367,6997,15607,44412,58243,20469,7032,15685,44513,20159
0,0,50000,1,2,40,1,2,0,0,0,0,49039,47949,49235,49577,17063,17634,0,2058,1400,762,1000,650
1,1,270000,0,2,65,1,-1,-1,-1,-1,0,0,2521,5145,8422,6374,1566,2521,5184,8422,6374,0,1429
0,0,500000,1,2,30,1,0,0,0,0,0,2817,7682,47403,36067,46054,34290,5037,47221,5026,16005,2000,1000
1,1,260000,0,5,46,-1,-1,-1,-1,-1,-2,9507,4405,0,2776,0,0,4405,0,2776,0,0,0
0,0,110000,1,2,30,0,0,0,-2,-1,0,47755,15484,-41,0,67942,53947,1525,0,41,109332,2400,2000
0,1,200000,0,3,56,0,0,0,0,0,0,193392,159546,158486,160375,163444,0,5039,8000,3500,3269,0,0
0,0,230000,0,2,26,1,-2,-2,-2,-2,-2,0,0,0,0,0,0,0,0,0,0,0,8618
0,0,200000,1,2,31,-2,-2,-2,-2,-2,-2,6926,1747,642,0,0,0,1747,642,0,0,0,500
0,0,150000,1,1,29,0,0,0,0,0,0,146330,147720,148748,104123,132321,37683,4979,3592,2556,2300,1427,1000
0,0,60000,1,2,35,0,0,0,2,2,2,10560,11312,13050,12578,14008,13179,1200,1900,0,1600,0,500
0,0,100000,0,2,29,0,0,0,0,0,0,48065,49189,50746,51158,49226,51211,1900,2400,1800,1800,2800,2100
0,0,170000,1,3,44,1,-2,-2,-2,-2,-2,0,0,0,0,0,0,0,0,0,0,0,0
1,1,260000,0,2,30,0,0,0,0,0,0,66433,67134,67768,69033,70166,71377,2400,2496,2429,2599,2827,2050
0,0,150000,0,1,36,-2,-2,-2,-2,-2,-2,16228,29414,4975,3960,2914,1068,30745,4975,5017,2914,1250,4734
0,1,300000,0,2,34,-1,-1,-1,-1,-1,-1,1000,1000,1000,1000,2000,1000,1000,1000,1000,2000,1000,1000
1,0,100000,0,1,28,0,0,0,-1,-1,-1,14309,11226,13142,12280,938,796,1268,2184,38500,938,796,0
0,0,130000,1,2,40,-1,-1,-1,-1,-1,-1,390,390,390,390,390,390,390,390,390,390,390,390
0,1,10000,0,2,51,1,2,0,0,0,0,9151,8855,9828,8637,8808,8995,0,1133,1144,315,329,363
0,0,360000,1,1,35,-1,-1,-1,-1,-1,-1,15798,16630,15687,38750,15802,15730,16713,15766,38944,15881,15809,30594
